cluster,frequency,monetary,avg_ticket,max_ticket,std_ticket,n_products,recency_days,tenure_days
0,2.1480371591249625,744.469860353611,348.7641810764999,110.44290979922086,26.479182246941573,34.60143841774048,310.30626311057836,76.65058435720707
1,10.821852731591449,4791.524775930325,408.11894123266813,210.8560649247823,31.047171335601544,138.7735550277118,56.22486144101346,530.0387965162312
2,2.0,168472.5,84236.25,168469.6,97265.13175258388,3.0,0.0,204.0
3,175.92857142857142,213376.3692857143,1685.5586853297723,2087.485714285714,175.4723777890685,1137.2857142857142,2.5,711.5
