cluster,frequency,monetary,avg_ticket,max_ticket,std_ticket,n_products,recency_days,tenure_days
0,5.610721774517696e-05,-0.0019104144438113065,-0.011742329979504801,-0.011408487567143698,-0.012589314890918295,0.00011539318261422978,0.0001628477872595329,4.538315210016549e-05
1,-0.32974211868628445,11.227505686279185,69.0096732895499,67.0476814321034,73.98740361392689,-0.6781657342232025,-0.9570564457247255,-0.2667167848951789
